City_ID,City,Country,Date,Lat,Lng,Max Temp,Humidity,Cloudiness,Wind Speed,Current Description
0,Rikitea,PF,2021-04-25 14:07:59,-23.1203,-134.9692,77.14,76,60,6.82,light rain
1,Dikson,RU,2021-04-25 14:06:53,73.5069,80.5464,18.09,88,100,10.51,overcast clouds
2,Vaini,TO,2021-04-25 14:07:59,-21.2,-175.2,73.4,100,75,1.14,light rain
3,Faanui,PF,2021-04-25 14:08:00,-16.4833,-151.75,80.4,67,6,4.32,clear sky
4,Chicama,PE,2021-04-25 14:08:00,-7.8447,-79.1469,62.6,94,75,6.91,broken clouds
5,Arraial Do Cabo,BR,2021-04-25 14:07:07,-22.9661,-42.0278,78.8,78,20,2.3,few clouds
6,Qaanaaq,GL,2021-04-25 14:08:01,77.484,-69.3632,28.6,74,61,4.45,broken clouds
7,Papara,BR,2021-04-25 14:08:01,-3.9839,-38.7273,86.0,70,40,13.8,scattered clouds
8,The Valley,AI,2021-04-25 14:08:02,18.217,-63.0578,80.6,65,40,14.97,scattered clouds
9,Busselton,AU,2021-04-25 14:08:02,-33.65,115.3333,61.0,90,2,4.07,clear sky
10,Upernavik,GL,2021-04-25 14:08:02,72.7868,-56.1549,34.39,80,28,6.73,scattered clouds
11,Alofi,NU,2021-04-25 14:08:03,-19.0595,-169.9187,69.8,100,93,1.14,light rain
12,Bluff,NZ,2021-04-25 14:08:03,-46.6,168.3333,41.0,83,81,8.01,broken clouds
13,Ayan,RU,2021-04-25 14:08:03,56.45,138.1667,23.13,84,22,5.61,few clouds
14,Kotma,IN,2021-04-25 14:08:04,23.2,81.9667,83.95,11,3,9.48,clear sky
15,Mecca,SA,2021-04-25 14:08:04,21.4267,39.8261,94.96,25,4,16.11,clear sky
16,Port Elizabeth,ZA,2021-04-25 14:03:17,-33.918,25.5701,69.8,64,0,8.05,clear sky
17,Hithadhoo,MV,2021-04-25 14:08:05,-0.6,73.0833,83.57,66,51,5.41,broken clouds
18,Dunedin,NZ,2021-04-25 14:08:06,-45.8742,170.5036,48.0,41,69,13.0,broken clouds
19,Avarua,CK,2021-04-25 14:08:06,-21.2078,-159.775,75.2,88,94,12.66,light rain
20,Ushuaia,AR,2021-04-25 14:08:07,-54.8,-68.3,46.4,71,75,6.91,light rain
21,Mazagao,BR,2021-04-25 14:03:50,-0.115,-51.2894,87.8,70,40,8.05,scattered clouds
22,Atuona,PF,2021-04-25 14:06:45,-9.8,-139.0333,79.48,78,72,20.07,broken clouds
23,Najran,SA,2021-04-25 14:08:08,17.4924,44.1277,95.0,16,40,4.61,scattered clouds
24,Zhezkazgan,KZ,2021-04-25 14:08:08,47.8043,67.7144,60.55,40,9,11.45,clear sky
25,Mizdah,LY,2021-04-25 14:08:08,31.4451,12.9801,75.4,21,53,5.64,broken clouds
26,Hilo,US,2021-04-25 14:05:23,19.7297,-155.09,69.8,78,20,5.75,light rain
27,Saskylakh,RU,2021-04-25 14:08:09,71.9167,114.0833,14.76,90,100,10.11,overcast clouds
28,General Pico,AR,2021-04-25 14:08:09,-35.6566,-63.7568,57.22,58,0,4.18,clear sky
29,Alice Springs,AU,2021-04-25 14:05:19,-23.7,133.8833,53.6,47,0,7.72,clear sky
30,Chokurdakh,RU,2021-04-25 14:08:10,70.6333,147.9167,14.32,93,100,11.41,overcast clouds
31,Zhicheng,CN,2021-04-25 14:08:11,30.2956,111.5047,60.01,83,100,6.35,light rain
32,Pevek,RU,2021-04-25 14:08:12,69.7008,170.3133,19.18,95,100,11.56,light snow
33,Tiksi,RU,2021-04-25 14:08:13,71.6872,128.8694,23.18,96,100,5.44,overcast clouds
34,Jamestown,US,2021-04-25 14:05:50,42.097,-79.2353,48.0,93,90,8.05,mist
35,Boshnyakovo,RU,2021-04-25 14:08:13,49.6333,142.1667,25.61,83,100,4.16,overcast clouds
36,Punta Arenas,CL,2021-04-25 14:08:13,-53.15,-70.9167,46.4,76,40,10.36,scattered clouds
37,Kang,BW,2021-04-25 14:08:14,-23.6752,22.7876,82.2,14,0,3.27,clear sky
38,Iwaki,JP,2021-04-25 14:07:28,37.05,140.8833,48.0,54,15,5.01,few clouds
39,Lebu,CL,2021-04-25 14:08:14,-37.6167,-73.65,57.9,76,0,11.27,clear sky
40,Clyde River,CA,2021-04-25 14:08:15,70.4692,-68.5914,15.8,100,20,11.5,few clouds
41,Leshukonskoye,RU,2021-04-25 14:08:15,64.8989,45.7622,42.84,86,100,5.59,overcast clouds
42,San Policarpo,PH,2021-04-25 14:08:16,12.1791,125.5072,78.94,79,81,10.47,broken clouds
43,Sovetskiy,RU,2021-04-25 14:08:16,61.3614,63.5842,49.86,42,100,9.89,overcast clouds
44,Camana,PE,2021-04-25 14:08:16,-16.6228,-72.7111,68.92,79,47,9.64,scattered clouds
45,Long Beach,US,2021-04-25 14:04:47,33.767,-118.1892,57.99,72,90,3.44,overcast clouds
46,Kruisfontein,ZA,2021-04-25 14:08:17,-34.0033,24.7314,81.37,36,100,3.42,overcast clouds
47,Mar Del Plata,AR,2021-04-25 14:06:19,-38.0023,-57.5575,63.0,72,40,16.11,scattered clouds
48,Dongsheng,CN,2021-04-25 14:08:18,39.8161,109.9776,46.74,79,100,16.13,overcast clouds
49,Kozhva,RU,2021-04-25 14:08:18,65.1073,57.0459,45.82,72,100,11.65,overcast clouds
50,Norman Wells,CA,2021-04-25 14:08:19,65.282,-126.8329,26.6,68,40,12.66,scattered clouds
51,Mataura,NZ,2021-04-25 14:08:19,-46.1927,168.8643,41.0,83,25,8.01,scattered clouds
52,Sorland,NO,2021-04-25 14:08:19,67.667,12.6934,39.2,70,75,6.91,broken clouds
53,Diego De Almagro,CL,2021-04-25 14:08:20,-26.3667,-70.05,64.9,44,0,3.49,clear sky
54,Barrow,US,2021-04-25 14:08:20,71.2906,-156.7887,10.4,85,20,13.8,few clouds
55,Albany,US,2021-04-25 14:08:21,42.6001,-73.9662,53.01,73,100,3.29,overcast clouds
56,Itarema,BR,2021-04-25 14:08:21,-2.9248,-39.9167,84.74,67,99,10.8,overcast clouds
57,Nikolskoye,RU,2021-04-25 14:08:21,59.7035,30.7861,39.99,87,90,15.66,overcast clouds
58,Saint-Joseph,RE,2021-04-25 14:08:22,-21.3667,55.6167,80.6,69,40,26.46,light rain
59,Mareeba,AU,2021-04-25 14:08:22,-17.0,145.4333,75.2,94,75,9.22,broken clouds
60,Butaritari,KI,2021-04-25 14:08:23,3.0707,172.7902,81.59,78,40,11.48,light rain
61,Saint-Philippe,RE,2021-04-25 14:08:23,-21.3585,55.7679,80.6,69,40,26.46,light rain
62,Bubaque,GW,2021-04-25 14:08:23,11.2833,-15.8333,78.55,51,28,6.62,scattered clouds
63,Kavieng,PG,2021-04-25 14:08:24,-2.5744,150.7967,82.26,77,94,6.58,overcast clouds
64,Port Alfred,ZA,2021-04-25 14:08:24,-33.5906,26.891,76.66,56,97,16.11,overcast clouds
65,Tuy Hoa,VN,2021-04-25 14:08:24,13.0833,109.3,79.65,85,49,2.44,scattered clouds
66,Hobart,AU,2021-04-25 14:08:25,-42.8794,147.3294,57.2,62,40,14.97,scattered clouds
67,Isla Mujeres,MX,2021-04-25 14:08:25,21.2311,-86.731,84.2,70,40,11.5,scattered clouds
68,Kapaa,US,2021-04-25 14:08:26,22.0752,-159.319,73.4,78,20,12.66,few clouds
69,Saint George,US,2021-04-25 14:08:26,37.1041,-113.5841,64.0,27,1,8.05,clear sky
70,Pisco,PE,2021-04-25 14:08:26,-13.7,-76.2167,66.2,94,75,6.02,broken clouds
71,Waipawa,NZ,2021-04-25 14:08:27,-41.4122,175.5153,57.2,72,90,17.27,overcast clouds
72,Tuktoyaktuk,CA,2021-04-25 14:08:27,69.4541,-133.0374,10.4,92,90,10.36,light snow
73,Ribeira Grande,PT,2021-04-25 14:08:27,38.5167,-28.7,64.4,68,40,6.91,scattered clouds
74,Airai,TL,2021-04-25 14:08:28,-8.9266,125.4092,56.79,87,44,2.37,scattered clouds
75,Cuencame,MX,2021-04-25 14:08:29,24.8711,-103.6964,67.06,16,6,5.28,clear sky
76,Hermanus,ZA,2021-04-25 14:08:29,-34.4187,19.2345,67.59,68,100,4.54,overcast clouds
77,Hasaki,JP,2021-04-25 14:08:29,35.7333,140.8333,55.4,58,75,16.11,broken clouds
78,Turbat,PK,2021-04-25 14:08:31,26.0023,63.044,75.38,65,89,32.46,heavy intensity rain
79,Esperance,AU,2021-04-25 14:08:31,-33.8667,121.9,68.0,42,5,10.36,clear sky
80,Vao,NC,2021-04-25 14:08:32,-22.6667,167.4833,74.43,71,100,1.97,overcast clouds
81,Pimentel,PE,2021-04-25 14:08:32,-6.8367,-79.9342,66.0,84,98,5.99,overcast clouds
82,Asau,RO,2021-04-25 14:08:32,46.4333,26.4,59.0,33,97,9.69,overcast clouds
83,Chuy,UY,2021-04-25 14:06:46,-33.6971,-53.4616,65.17,58,2,12.46,clear sky
84,Boa Vista,BR,2021-04-25 14:07:04,2.8197,-60.6733,82.4,69,75,12.66,light rain
85,Laguna,US,2021-04-25 14:08:33,38.421,-121.4238,53.01,71,1,5.75,clear sky
86,New Norfolk,AU,2021-04-25 14:08:33,-42.7826,147.0587,57.0,80,100,1.99,overcast clouds
87,Luderitz,NA,2021-04-25 14:08:34,-26.6481,15.1594,70.05,61,85,7.4,overcast clouds
88,Mogadishu,SO,2021-04-25 14:06:13,2.0371,45.3438,86.0,62,20,9.22,few clouds
89,Ratnagiri,IN,2021-04-25 14:08:34,16.9833,73.3,83.46,75,10,8.95,clear sky
90,Whitehorse,CA,2021-04-25 14:08:35,60.7161,-135.0538,24.8,80,20,1.28,few clouds
91,Taoudenni,ML,2021-04-25 14:08:35,22.6783,-3.9836,105.1,7,0,9.82,clear sky
92,Joroan,PH,2021-04-25 14:08:35,13.4885,123.6189,75.92,86,21,7.31,light rain
93,Vila Velha,BR,2021-04-25 14:08:36,-20.3297,-40.2925,86.0,62,40,10.36,scattered clouds
94,Lavrentiya,RU,2021-04-25 14:03:57,65.5833,-171.0,21.07,88,100,3.91,overcast clouds
95,Borovskoy,KZ,2021-04-25 14:08:36,53.8,64.15,58.87,48,68,12.35,broken clouds
96,Souillac,MU,2021-04-25 14:08:37,-20.5167,57.5167,78.8,78,75,16.11,broken clouds
97,Lompoc,US,2021-04-25 14:06:46,34.6391,-120.4579,48.2,87,100,5.75,overcast clouds
98,Port Lincoln,AU,2021-04-25 14:08:37,-34.7333,135.8667,60.1,68,83,8.46,broken clouds
99,Sault Sainte Marie,CA,2021-04-25 14:05:40,46.5168,-84.3333,30.2,64,90,13.8,overcast clouds
100,Aklavik,CA,2021-04-25 14:08:38,68.2191,-135.0107,15.8,92,76,5.75,broken clouds
101,Ostrovnoy,RU,2021-04-25 14:08:38,68.0531,39.5131,35.65,93,100,16.96,overcast clouds
102,Cherskiy,RU,2021-04-25 14:08:38,68.75,161.3,1.89,97,97,4.63,overcast clouds
103,Changying,CN,2021-04-25 14:08:39,52.8733,123.3213,39.27,65,100,5.39,overcast clouds
104,Shimoda,JP,2021-04-25 14:08:39,34.6667,138.95,61.0,34,29,8.01,scattered clouds
105,Beringovskiy,RU,2021-04-25 14:08:39,63.05,179.3167,31.17,87,100,2.93,overcast clouds
106,Arica,CL,2021-04-25 14:08:40,-18.475,-70.3042,68.0,60,0,2.3,clear sky
107,Tasiilaq,GL,2021-04-25 14:08:41,65.6145,-37.6368,39.2,81,75,10.36,broken clouds
108,Dzhebariki-Khaya,RU,2021-04-25 14:08:41,62.2167,135.8,8.31,96,82,1.77,broken clouds
109,Castro,BR,2021-04-25 14:08:42,-24.7911,-50.0119,69.01,62,99,4.92,overcast clouds
110,Ndele,CF,2021-04-25 14:08:42,8.4109,20.6473,83.25,60,85,1.48,moderate rain
111,Khatanga,RU,2021-04-25 14:08:42,71.9667,102.5,12.81,87,100,23.69,light snow
112,Cairns,AU,2021-04-25 14:08:43,-16.9167,145.7667,75.2,94,75,9.22,light rain
113,Baiquan,CN,2021-04-25 14:08:43,47.5833,126.0833,48.15,35,46,5.06,scattered clouds
114,Quatre Cocos,MU,2021-04-25 14:08:43,-20.2078,57.7625,78.8,78,75,16.11,light rain
115,Longyearbyen,SJ,2021-04-25 14:08:44,78.2186,15.6401,23.0,80,40,12.66,scattered clouds
116,Kalmunai,LK,2021-04-25 14:08:44,7.4167,81.8167,81.41,67,19,7.81,few clouds
117,Codrington,AU,2021-04-25 14:08:45,-38.2667,141.9667,50.61,92,3,6.4,clear sky
118,East London,ZA,2021-04-25 14:06:33,-33.0153,27.9116,73.4,60,0,8.05,clear sky
119,Coihaique,CL,2021-04-25 14:08:45,-45.5752,-72.0662,48.2,81,40,8.05,scattered clouds
120,Puerto Madryn,AR,2021-04-25 14:08:46,-42.7692,-65.0385,60.3,55,14,20.04,few clouds
121,Mahebourg,MU,2021-04-25 14:08:47,-20.4081,57.7,78.8,78,75,16.11,light rain
122,Vytegra,RU,2021-04-25 14:08:48,61.0064,36.4481,44.22,83,100,4.9,overcast clouds
123,Geraldton,AU,2021-04-25 14:08:48,-28.7667,114.6,66.2,82,1,5.75,clear sky
124,Nakhon Phanom,TH,2021-04-25 14:08:49,17.3333,104.4167,84.2,74,40,1.14,scattered clouds
125,Tutoia,BR,2021-04-25 14:08:49,-2.7619,-42.2744,87.8,70,20,10.36,few clouds
126,Beloha,MG,2021-04-25 14:08:50,-25.1667,45.05,81.57,55,80,10.09,broken clouds
127,Torbay,CA,2021-04-25 14:05:29,47.6666,-52.7314,50.0,49,20,18.41,few clouds
128,Yulara,AU,2021-04-25 14:08:51,-25.2406,130.9889,64.4,34,0,6.91,clear sky
129,Yellowknife,CA,2021-04-25 14:08:52,62.456,-114.3525,-0.4,71,75,2.3,broken clouds
130,Raymond,US,2021-04-25 14:08:52,43.9015,-70.4703,55.99,61,100,1.01,overcast clouds
131,Batagay,RU,2021-04-25 14:08:53,67.6333,134.6333,20.43,96,100,4.12,overcast clouds
132,Krasnorechenskiy,RU,2021-04-25 14:08:53,44.6265,135.3532,27.28,57,0,3.87,clear sky
133,Coromandel,BR,2021-04-25 14:08:54,-18.4733,-47.2003,81.73,28,43,5.97,scattered clouds
134,Ancud,CL,2021-04-25 14:08:54,-41.8697,-73.8203,54.0,94,90,1.48,light intensity drizzle
135,Guerrero Negro,MX,2021-04-25 14:04:04,27.9769,-114.0611,57.63,83,72,11.32,broken clouds
136,Isangel,VU,2021-04-25 14:08:55,-19.55,169.2667,76.98,79,100,8.5,overcast clouds
137,Halifax,CA,2021-04-25 14:07:40,44.6453,-63.5724,62.01,81,22,5.75,few clouds
138,Santiago,CL,2021-04-25 14:06:21,-33.4569,-70.6483,64.0,48,0,2.3,clear sky
139,Gundorovskiy,RU,2021-04-25 14:08:56,46.7805,41.8968,54.21,44,100,4.81,overcast clouds
140,Dafeng,CN,2021-04-25 14:08:56,23.4517,108.5881,69.12,89,100,5.1,overcast clouds
141,Kidal,ML,2021-04-25 14:08:56,18.4411,1.4078,105.28,3,15,6.58,few clouds
142,Bethel,US,2021-04-25 14:08:52,41.3712,-73.414,48.99,94,100,5.28,light rain
143,Marin,US,2021-04-25 14:08:57,38.0666,-122.7344,48.0,94,100,1.01,overcast clouds
144,Carnarvon,AU,2021-04-25 14:08:57,-24.8667,113.6333,68.0,83,2,4.61,clear sky
145,Coquimbo,CL,2021-04-25 14:08:58,-29.9533,-71.3436,59.0,77,75,2.3,broken clouds
146,Gerash,IR,2021-04-25 14:08:58,27.6652,54.1371,93.2,17,0,4.61,clear sky
147,Ponta Do Sol,PT,2021-04-25 14:08:58,32.6667,-17.1,66.0,74,23,8.99,few clouds
148,Mehamn,NO,2021-04-25 14:08:59,71.0357,27.8492,32.58,64,40,9.1,scattered clouds
149,Korla,CN,2021-04-25 14:08:59,41.7597,86.1469,57.06,25,8,8.41,clear sky
150,Cape Town,ZA,2021-04-25 14:06:04,-33.9258,18.4232,72.0,60,0,17.27,clear sky
151,Thompson,CA,2021-04-25 14:09:00,55.7435,-97.8558,23.0,63,75,6.91,broken clouds
152,Zhob,PK,2021-04-25 14:09:00,31.3411,69.4481,81.86,12,1,8.1,clear sky
153,Kumba,CM,2021-04-25 14:09:01,4.6363,9.4469,92.34,43,54,3.76,broken clouds
154,Tuatapere,NZ,2021-04-25 14:09:01,-46.1333,167.6833,41.0,83,66,8.01,broken clouds
155,Cayenne,GF,2021-04-25 14:09:01,4.9333,-52.3333,84.2,79,75,10.36,broken clouds
156,Hobyo,SO,2021-04-25 14:09:02,5.3505,48.5268,85.82,60,72,11.18,broken clouds
157,Maraa,BR,2021-04-25 14:09:02,-1.8333,-65.3667,85.05,68,82,4.74,light rain
158,San Juan Evangelista,MX,2021-04-25 14:09:02,17.9,-95.1333,82.4,89,75,11.5,broken clouds
159,Xichang,CN,2021-04-25 14:09:03,27.8964,102.2634,64.83,49,36,7.07,scattered clouds
160,Bredasdorp,ZA,2021-04-25 14:09:03,-34.5322,20.0403,64.4,72,100,1.14,overcast clouds
161,Katherine,AU,2021-04-25 14:09:04,-14.4667,132.2667,73.4,73,100,3.44,overcast clouds
162,Saint-Pierre,RE,2021-04-25 14:06:50,-21.3393,55.4781,80.6,69,40,26.46,scattered clouds
163,Fortuna,US,2021-04-25 14:09:04,40.5982,-124.1573,46.0,93,90,8.05,light rain
164,Balykshi,KZ,2021-04-25 14:09:05,47.0667,51.8667,64.4,52,40,13.42,scattered clouds
165,Yarada,IN,2021-04-25 14:09:05,17.65,83.2667,86.0,74,20,4.61,haze
166,Gimli,CA,2021-04-25 14:09:05,50.6336,-96.9907,30.2,74,98,8.05,overcast clouds
167,De Aar,ZA,2021-04-25 14:09:06,-30.6497,24.0123,78.48,16,40,5.79,scattered clouds
168,Sao Filipe,CV,2021-04-25 14:09:06,14.8961,-24.4956,72.93,73,85,10.6,overcast clouds
169,Georgetown,MY,2021-04-25 14:07:26,5.4112,100.3354,84.2,84,20,5.01,few clouds
170,Lata,PT,2021-04-25 14:09:07,40.1629,-8.3327,73.99,54,61,6.98,broken clouds
171,Grand Gaube,MU,2021-04-25 14:09:07,-20.0064,57.6608,77.0,82,100,10.0,light rain
172,Takoradi,GH,2021-04-25 14:09:07,4.8845,-1.7554,86.25,66,83,11.36,broken clouds
173,Kemijarvi,FI,2021-04-25 14:09:08,66.7131,27.4306,34.02,93,100,15.17,light snow
174,Dimona,IL,2021-04-25 14:09:08,31.0667,35.0333,84.0,38,0,1.99,clear sky
175,Mezen,RU,2021-04-25 14:09:09,65.8522,44.24,45.12,82,100,6.58,overcast clouds
176,Puerto Ayora,EC,2021-04-25 14:09:09,-0.7393,-90.3518,78.8,83,0,11.5,clear sky
177,Mackay,AU,2021-04-25 14:09:09,-21.15,149.2,75.2,73,90,12.66,overcast clouds
178,Kodiak,US,2021-04-25 14:09:10,57.79,-152.4072,39.2,81,90,10.36,overcast clouds
179,San Patricio,US,2021-04-25 14:09:10,28.017,-97.5169,73.4,68,1,6.91,clear sky
180,Mwense,ZM,2021-04-25 14:09:11,-10.3845,28.698,82.09,57,100,2.59,overcast clouds
181,Puerto Escondido,MX,2021-04-25 14:09:12,15.85,-97.0667,82.4,83,40,0.65,scattered clouds
182,San Andres,CO,2021-04-25 14:09:12,12.5847,-81.7006,84.2,70,20,12.66,few clouds
183,Marsaxlokk,MT,2021-04-25 14:09:12,35.8419,14.5431,66.2,59,20,9.22,few clouds
184,Hayange,FR,2021-04-25 14:09:13,49.3343,6.0527,59.0,38,0,13.8,clear sky
185,Bowling Green,US,2021-04-25 14:06:50,36.9903,-86.4436,55.99,76,90,5.75,haze
186,Buala,SB,2021-04-25 14:09:14,-8.145,159.5921,80.35,81,29,1.97,scattered clouds
187,Moerai,PF,2021-04-25 14:09:14,-22.4333,-151.3333,75.67,66,63,8.68,broken clouds
188,Inhambane,MZ,2021-04-25 14:09:14,-23.865,35.3833,80.74,66,0,12.19,clear sky
189,Tombouctou,ML,2021-04-25 14:09:15,20.0,-3.0,104.83,8,73,2.84,broken clouds
190,Mariakani,KE,2021-04-25 14:09:15,-3.8633,39.4736,86.0,66,20,10.36,few clouds
191,Poso,ID,2021-04-25 14:09:16,-1.3959,120.7524,76.73,89,88,5.23,overcast clouds
192,Hofn,IS,2021-04-25 14:09:16,64.2539,-15.2082,44.6,81,90,4.61,moderate rain
193,Manggar,ID,2021-04-25 14:09:16,-2.8833,108.2667,81.66,74,98,4.65,overcast clouds
194,Chitral,PK,2021-04-25 14:09:17,35.8462,71.7858,63.61,41,14,4.12,few clouds
195,Leningradskiy,RU,2021-04-25 14:06:58,69.3833,178.4167,13.82,89,16,5.37,few clouds
196,Great Yarmouth,GB,2021-04-25 14:09:17,52.6083,1.7305,51.01,57,75,13.8,broken clouds
197,Puma,TZ,2021-04-25 14:09:18,-5.0,34.7333,68.67,75,100,9.1,light rain
198,Bambous Virieux,MU,2021-04-25 14:09:18,-20.3428,57.7575,78.8,78,75,16.11,light rain
199,Maragogi,BR,2021-04-25 14:09:18,-9.0122,-35.2225,83.32,67,30,8.88,scattered clouds
200,Klaksvik,FO,2021-04-25 14:09:19,62.2266,-6.589,50.0,71,100,12.66,overcast clouds
201,Subaan,PH,2021-04-25 14:09:19,13.0765,121.3647,78.01,87,65,4.94,broken clouds
202,Ilulissat,GL,2021-04-25 14:09:19,69.2167,-51.1,48.2,43,40,26.46,scattered clouds
203,Santa Rosa,PH,2021-04-25 14:09:20,14.3122,121.1114,84.2,74,20,6.91,few clouds
204,Suez,EG,2021-04-25 14:09:20,29.9737,32.5263,94.23,11,0,9.17,clear sky
205,Aswan,EG,2021-04-25 14:09:21,24.0934,32.907,102.27,6,0,8.16,clear sky
206,Jiutai,CN,2021-04-25 14:09:21,44.1525,125.8328,46.4,39,0,2.24,clear sky
207,Pudozh,RU,2021-04-25 14:09:22,61.8099,36.5345,52.97,63,55,6.71,light rain
208,Harindanga,IN,2021-04-25 14:09:22,22.0383,88.3214,91.4,46,40,11.5,haze
209,Hay River,CA,2021-04-25 14:09:22,60.8156,-115.7999,8.6,78,100,3.44,overcast clouds
210,Sinnamary,GF,2021-04-25 14:09:23,5.3833,-52.95,81.93,78,51,10.42,broken clouds
211,Dawlatabad,AF,2021-04-25 14:09:23,36.4141,64.9053,82.2,14,29,9.51,scattered clouds
212,Vila Franca Do Campo,PT,2021-04-25 14:09:23,37.7167,-25.4333,62.6,67,75,14.97,broken clouds
213,Rakaia,NZ,2021-04-25 14:09:24,-43.75,172.0167,42.01,39,82,5.95,broken clouds
214,Paraiso,CR,2021-04-25 14:07:01,9.8383,-83.8656,77.0,73,40,16.11,scattered clouds
215,Constitucion,CL,2021-04-25 14:09:25,-35.3333,-72.4167,61.57,56,0,5.06,clear sky
216,Yatou,CN,2021-04-25 14:09:25,37.15,122.3833,49.12,80,100,3.87,light rain
217,Puke,AL,2021-04-25 14:09:25,42.0444,19.8997,71.6,24,0,6.91,clear sky
218,Victoria,HK,2021-04-25 14:06:54,22.2855,114.1577,75.0,91,100,1.99,overcast clouds
219,Richards Bay,ZA,2021-04-25 14:07:06,-28.783,32.0377,74.55,67,0,7.05,clear sky
220,Fernley,US,2021-04-25 14:05:36,39.608,-119.2518,48.99,37,100,7.0,overcast clouds
221,Port Hedland,AU,2021-04-25 14:09:26,-20.3167,118.5667,69.8,83,0,6.91,clear sky
222,Mount Gambier,AU,2021-04-25 14:09:27,-37.8333,140.7667,46.4,100,4,2.3,clear sky
223,Chapais,CA,2021-04-25 14:09:27,49.7834,-74.8492,33.8,75,20,12.66,few clouds
224,Jumla,NP,2021-04-25 14:09:27,29.2747,82.1838,52.56,38,65,2.93,broken clouds
225,Kavaratti,IN,2021-04-25 14:09:28,10.5669,72.642,84.7,71,10,10.6,clear sky
226,Bolivar,US,2021-04-25 14:09:28,37.6145,-93.4105,59.0,66,100,7.36,overcast clouds
227,Upington,ZA,2021-04-25 14:09:29,-28.4478,21.2561,89.6,12,0,8.05,clear sky
228,Rudbar,AF,2021-04-25 14:09:29,30.15,62.6,92.8,9,59,7.99,broken clouds
229,Bengkulu,ID,2021-04-25 14:09:29,-3.8004,102.2655,79.23,82,100,5.88,overcast clouds
230,Regeneracao,BR,2021-04-25 14:09:30,-6.2378,-42.6883,82.67,75,64,4.03,broken clouds
231,Paamiut,GL,2021-04-25 14:09:30,61.994,-49.6678,37.71,84,98,13.6,overcast clouds
232,Falam,MM,2021-04-25 14:09:30,22.9167,93.6833,67.51,23,0,4.34,clear sky
233,Los Llanos De Aridane,ES,2021-04-25 14:09:31,28.6585,-17.9182,69.8,64,75,6.91,broken clouds
234,Prince George,CA,2021-04-25 14:05:41,53.9166,-122.753,35.01,58,1,8.05,clear sky
235,Belmonte,BR,2021-04-25 14:09:31,-15.8631,-38.8828,82.4,69,40,14.97,scattered clouds
236,Oranjestad,AW,2021-04-25 14:08:15,12.524,-70.027,84.2,65,20,24.16,few clouds
237,Namibe,AO,2021-04-25 14:09:31,-15.1961,12.1522,87.8,62,20,16.11,few clouds
238,Ossora,RU,2021-04-25 14:09:32,59.2353,163.0719,30.88,97,100,3.56,overcast clouds
239,Kalmar,SE,2021-04-25 14:09:32,56.6616,16.3616,43.0,42,40,5.75,scattered clouds
240,Saldanha,ZA,2021-04-25 14:09:33,-33.0117,17.9442,71.6,60,100,6.91,overcast clouds
241,Turan,VN,2021-04-25 14:09:33,16.0678,108.2208,82.4,89,20,4.61,few clouds
242,Gat,IL,2021-04-25 14:09:33,31.61,34.7642,84.0,38,3,7.67,clear sky
243,Rawson,AR,2021-04-25 14:09:34,-43.3002,-65.1023,60.4,57,14,19.44,few clouds
244,Rumonge,BI,2021-04-25 14:07:00,-3.9736,29.4386,77.54,77,99,2.8,light rain
245,Springdale,US,2021-04-25 14:09:34,36.1867,-94.1288,59.0,100,1,5.75,clear sky
246,Seoul,KR,2021-04-25 14:09:12,37.5683,126.9778,60.8,51,0,3.44,clear sky
247,Lanxi,CN,2021-04-25 14:08:43,29.2195,119.477,62.35,93,74,3.36,broken clouds
248,Ajdabiya,LY,2021-04-25 14:09:35,30.7554,20.2263,69.48,59,0,25.7,clear sky
249,Baft,IR,2021-04-25 14:09:35,29.234,56.6057,71.65,15,97,14.0,overcast clouds
250,Garissa,KE,2021-04-25 14:09:36,-0.4536,39.6401,95.43,31,100,6.6,overcast clouds
251,Boueni,YT,2021-04-25 14:09:37,-12.9025,45.0761,86.0,70,40,8.05,scattered clouds
252,Elizabeth City,US,2021-04-25 14:09:37,36.2946,-76.2511,59.0,77,100,17.27,overcast clouds
253,Marshfield,US,2021-04-25 14:09:37,44.6689,-90.1718,41.0,55,1,4.61,clear sky
254,Vallenar,CL,2021-04-25 14:09:38,-28.5708,-70.7581,67.75,50,0,2.55,clear sky
255,Agidel,RU,2021-04-25 14:09:38,55.9077,53.9355,46.11,51,52,20.56,broken clouds
256,Adrar,MR,2021-04-25 14:09:38,20.5022,-10.0711,97.66,9,4,6.26,clear sky
257,Road Town,VG,2021-04-25 14:09:39,18.4167,-64.6167,82.4,65,40,9.22,scattered clouds
258,Mersing,MY,2021-04-25 14:09:39,2.4312,103.8405,78.8,89,25,3.44,scattered clouds
259,Canutama,BR,2021-04-25 14:09:39,-6.5339,-64.3831,81.5,86,60,0.74,broken clouds
260,Bohuslav,UA,2021-04-25 14:09:40,49.5494,30.8744,52.18,56,100,11.83,overcast clouds
261,Ekhabi,RU,2021-04-25 14:09:40,53.5102,142.9671,20.98,88,10,5.03,clear sky
262,Pacific Grove,US,2021-04-25 14:09:41,36.6177,-121.9166,52.0,89,100,7.67,overcast clouds
263,Rafsanjan,IR,2021-04-25 14:09:41,30.4067,55.9939,70.66,33,100,15.19,overcast clouds
264,Goulburn,AU,2021-04-25 14:09:41,-34.75,149.7167,42.01,92,0,4.09,clear sky
265,Sedalia,US,2021-04-25 14:08:44,38.7045,-93.2283,54.0,66,1,13.8,clear sky
266,Praia,CV,2021-04-25 14:09:42,14.9215,-23.5087,78.8,53,75,20.71,broken clouds
267,Yar-Sale,RU,2021-04-25 14:09:42,66.8333,70.8333,32.54,97,100,10.2,overcast clouds
268,Malatya,TR,2021-04-25 14:07:27,38.5,38.0,78.8,25,75,6.91,broken clouds
269,Salalah,OM,2021-04-25 14:09:43,17.0151,54.0924,86.0,70,40,11.5,scattered clouds
270,Northam,GB,2021-04-25 14:09:43,51.0333,-4.2167,57.99,51,1,1.01,clear sky
271,Broome,US,2021-04-25 14:09:44,42.2506,-75.833,50.0,87,90,4.61,overcast clouds
272,Acarau,BR,2021-04-25 14:09:44,-2.8856,-40.12,84.15,69,88,11.74,overcast clouds
273,Pangnirtung,CA,2021-04-25 14:09:45,66.1451,-65.7125,36.05,83,100,1.48,overcast clouds
274,Sitka,US,2021-04-25 14:09:45,57.0531,-135.33,44.6,70,20,4.99,few clouds
275,Surin,TH,2021-04-25 14:09:45,14.8818,103.4936,93.0,53,96,8.7,overcast clouds
276,Bull Savanna,JM,2021-04-25 14:09:46,17.8868,-77.5902,79.81,67,46,9.48,scattered clouds
277,Algete,ES,2021-04-25 14:09:46,40.5971,-3.4974,51.8,93,75,3.44,moderate rain
278,Monte Patria,CL,2021-04-25 14:09:46,-30.6919,-70.9467,70.72,37,0,3.02,clear sky
279,Provideniya,RU,2021-04-25 14:09:47,64.3833,-173.3,32.52,96,100,1.28,light snow
280,Namatanai,PG,2021-04-25 14:09:47,-3.6667,152.4333,80.17,80,73,4.09,broken clouds
281,Arman,RU,2021-04-25 14:09:47,59.7,150.1667,12.07,78,33,9.04,scattered clouds
282,Touros,BR,2021-04-25 14:09:48,-5.1989,-35.4608,86.0,62,75,11.5,broken clouds
283,Akita,JP,2021-04-25 14:09:48,39.7167,140.1167,43.14,52,50,17.27,scattered clouds
284,Kapuskasing,CA,2021-04-25 14:09:49,49.4169,-82.4331,21.2,79,100,12.66,overcast clouds
285,Riyadh,SA,2021-04-25 14:05:57,24.6877,46.7219,96.8,9,0,5.75,clear sky
286,Nesterovskaya,RU,2021-04-25 14:09:49,43.2386,45.0503,66.2,93,90,8.95,overcast clouds
287,Cape Canaveral,US,2021-04-25 14:07:52,28.4058,-80.6048,82.0,81,1,10.0,clear sky
288,Cap Malheureux,MU,2021-04-25 14:09:50,-19.9842,57.6142,77.0,82,100,10.0,light rain
289,Fare,PF,2021-04-25 14:09:50,-16.7,-151.0167,80.51,66,27,4.79,scattered clouds
290,Palembang,ID,2021-04-25 14:09:50,-2.9167,104.7458,84.2,84,40,6.91,scattered clouds
291,Presidente Medici,BR,2021-04-25 14:09:51,-11.1753,-61.9014,79.54,89,75,2.59,broken clouds
292,Jefferson City,US,2021-04-25 14:08:11,38.5767,-92.1735,52.0,71,1,6.91,clear sky
293,Ampanihy,MG,2021-04-25 14:09:52,-24.7,44.75,81.03,54,27,13.82,scattered clouds
294,North Bend,US,2021-04-25 14:09:53,43.4065,-124.2243,46.4,93,90,5.75,overcast clouds
295,Balkhash,KZ,2021-04-25 14:09:54,46.844,74.9804,50.56,37,100,14.45,overcast clouds
296,San Quintin,MX,2021-04-25 14:09:54,30.4833,-115.95,57.24,86,66,7.16,broken clouds
297,Sioux Lookout,CA,2021-04-25 14:09:55,50.1001,-91.917,32.0,59,20,5.75,few clouds
298,Kuytun,RU,2021-04-25 14:09:55,54.3419,101.5036,34.52,77,43,3.24,scattered clouds
299,Selfoss,IS,2021-04-25 14:09:55,63.9331,-20.9971,44.01,92,99,1.99,overcast clouds
300,Esmeraldas,BR,2021-04-25 14:09:56,-19.7625,-44.3139,80.6,54,0,5.75,clear sky
301,Bria,CF,2021-04-25 14:09:56,6.5423,21.9863,78.31,75,100,7.31,overcast clouds
302,Dingle,PH,2021-04-25 14:09:56,10.9995,122.6711,77.99,82,12,2.89,light rain
303,Palasa,IN,2021-04-25 14:09:57,18.7667,84.4167,81.12,77,52,7.63,broken clouds
304,Oskemen,KZ,2021-04-25 14:09:57,49.9565,82.6119,50.0,23,99,4.47,overcast clouds
305,San Juan De La Maguana,DO,2021-04-25 14:07:00,18.8059,-71.2299,82.4,74,40,13.8,scattered clouds
306,Gorontalo,ID,2021-04-25 14:09:58,0.5412,123.0595,75.69,92,100,2.1,overcast clouds
307,Itum-Kale,RU,2021-04-25 14:09:58,42.7356,45.5758,57.13,82,99,3.24,overcast clouds
308,Narsaq,GL,2021-04-25 14:09:58,60.9167,-46.05,51.8,30,75,31.07,broken clouds
309,Hovd,MN,2021-04-25 14:09:59,48.0056,91.6419,33.78,24,99,10.31,overcast clouds
310,Lagoa,PT,2021-04-25 14:09:59,39.05,-27.9833,59.14,78,25,14.92,scattered clouds
311,Krasnyy Sulin,RU,2021-04-25 14:09:59,47.8922,40.0704,57.2,26,0,6.71,clear sky
312,Ushtobe,KZ,2021-04-25 14:10:00,45.2514,77.9838,58.42,27,100,5.95,overcast clouds
313,Ola,RU,2021-04-25 14:10:02,59.5833,151.2833,17.4,72,88,9.42,overcast clouds
314,Khulo,GE,2021-04-25 14:10:02,41.644,42.3129,59.0,88,75,8.05,broken clouds
315,Oxbow,CA,2021-04-25 14:10:03,49.2333,-102.1676,34.0,56,100,11.01,overcast clouds
316,Necochea,AR,2021-04-25 14:10:03,-38.5473,-58.7368,63.0,77,100,5.99,overcast clouds
317,Ulladulla,AU,2021-04-25 14:10:03,-35.35,150.4667,53.6,94,14,4.43,few clouds
318,Oyotun,PE,2021-04-25 14:10:04,-6.8519,-79.3036,77.92,70,40,5.08,scattered clouds
319,Qaqortoq,GL,2021-04-25 14:10:04,60.7167,-46.0333,51.8,30,75,31.07,light rain
320,Jieshi,CN,2021-04-25 14:10:05,22.8134,115.8257,70.84,81,100,19.42,overcast clouds
321,Trogir,HR,2021-04-25 14:10:05,43.5125,16.2517,68.0,42,0,13.8,clear sky
322,Talnakh,RU,2021-04-25 14:10:05,69.4865,88.3972,4.78,96,46,5.1,scattered clouds
323,San Cristobal,VE,2021-04-25 14:10:06,7.7669,-72.225,82.4,65,20,4.61,few clouds
324,Hualmay,PE,2021-04-25 14:10:06,-11.0964,-77.6139,68.34,81,65,6.44,broken clouds
325,Ellisras,ZA,2021-04-25 14:10:07,-23.6649,27.7443,87.55,9,0,7.9,clear sky
326,Tessalit,ML,2021-04-25 14:10:07,20.1986,1.0114,103.1,4,0,4.12,clear sky
327,Lorengau,PG,2021-04-25 14:10:07,-2.0226,147.2712,80.76,76,100,2.57,overcast clouds
328,Hibbing,US,2021-04-25 14:05:21,47.4272,-92.9377,35.6,51,1,4.97,clear sky
329,Kungurtug,RU,2021-04-25 14:10:08,50.5994,97.5228,27.0,93,100,5.01,light snow
330,Green River,US,2021-04-25 14:06:06,41.5286,-109.4662,41.0,52,75,3.44,broken clouds
331,Walvis Bay,NA,2021-04-25 14:10:09,-22.9575,14.5053,78.8,44,8,6.91,clear sky
332,Sola,VU,2021-04-25 14:10:09,-13.8833,167.55,82.11,76,100,9.31,overcast clouds
333,Kupang,ID,2021-04-25 14:10:10,-10.1667,123.5833,77.74,68,70,9.93,broken clouds
334,Kolondieba,ML,2021-04-25 14:10:10,11.0882,-6.8926,105.03,19,88,2.98,overcast clouds
335,Boyolangu,ID,2021-04-25 14:10:11,-8.1181,111.8935,75.42,90,14,1.14,few clouds
336,Elliot Lake,CA,2021-04-25 14:10:11,46.3834,-82.6331,32.0,74,90,20.71,overcast clouds
337,Aksay,RU,2021-04-25 14:10:11,47.26,39.87,57.2,26,0,6.71,clear sky
338,Udachnyy,RU,2021-04-25 14:10:12,66.4167,112.4,23.38,90,100,22.26,overcast clouds
339,Cabanas,CU,2021-04-25 14:10:12,22.9758,-82.9219,82.4,69,40,5.75,scattered clouds
340,Riverton,US,2021-04-25 14:10:10,40.5219,-111.9391,51.01,76,90,3.98,overcast clouds
341,Yumen,CN,2021-04-25 14:06:50,40.2833,97.2,44.78,11,69,24.7,broken clouds
342,Ailigandi,PA,2021-04-25 14:10:13,9.2333,-78.0167,84.15,65,76,4.32,broken clouds
343,Praia Da Vitoria,PT,2021-04-25 14:10:13,38.7333,-27.0667,64.0,72,40,19.08,scattered clouds
344,Flinders,AU,2021-04-25 14:10:14,-34.5833,150.8552,55.99,82,65,1.01,broken clouds
345,Palmer,US,2021-04-25 14:10:14,42.1584,-72.3287,50.0,93,90,1.59,light rain
346,Bandraboua,YT,2021-04-25 14:10:14,-12.7044,45.1223,86.0,70,40,8.05,scattered clouds
347,Grindavik,IS,2021-04-25 14:10:15,63.8424,-22.4338,46.4,87,75,11.5,broken clouds
348,Acapulco,MX,2021-04-25 14:10:15,16.8634,-99.8901,78.8,65,75,1.72,broken clouds
349,Portland,US,2021-04-25 14:08:56,45.5234,-122.6762,46.99,87,100,2.37,overcast clouds
350,Solnechnyy,RU,2021-04-25 14:10:16,50.7214,136.6319,27.93,61,87,2.75,overcast clouds
351,Tukrah,LY,2021-04-25 14:10:17,32.5341,20.5791,64.83,71,1,17.05,clear sky
352,Umtata,ZA,2021-04-25 14:10:17,-31.5889,28.7844,84.2,13,0,5.75,clear sky
353,Sisimiut,GL,2021-04-25 14:10:18,66.9395,-53.6735,40.89,60,85,3.49,overcast clouds
354,Lebyazhye,RU,2021-04-25 14:10:18,55.2689,66.4947,55.0,43,12,10.13,few clouds
355,Cidreira,BR,2021-04-25 14:10:18,-30.1811,-50.2056,70.32,78,79,14.63,broken clouds
356,Nianzishan,CN,2021-04-25 14:10:19,47.5167,122.8833,52.56,29,100,6.73,overcast clouds
357,Zalantun,CN,2021-04-25 14:10:19,48.0,122.7167,51.15,31,100,7.36,overcast clouds
358,Vila,PT,2021-04-25 14:10:20,42.0304,-8.1588,60.01,84,100,3.0,overcast clouds
359,Piacabucu,BR,2021-04-25 14:10:20,-10.4056,-36.4344,83.1,69,32,6.91,scattered clouds
360,Bathsheba,BB,2021-04-25 14:10:21,13.2167,-59.5167,82.4,57,75,20.71,broken clouds
361,Fallon,US,2021-04-25 14:10:21,39.4735,-118.7774,48.99,43,90,8.05,overcast clouds
362,Fort Nelson,CA,2021-04-25 14:10:21,58.8053,-122.7002,26.6,68,40,5.75,scattered clouds
363,Zhigansk,RU,2021-04-25 14:10:22,66.7697,123.3711,32.95,98,100,10.78,overcast clouds
364,Gravdal,NO,2021-04-25 14:10:22,68.1214,13.5031,41.0,70,40,10.36,scattered clouds
365,Gold Coast,AU,2021-04-25 14:09:33,-28.0,153.4333,63.0,88,40,3.44,scattered clouds
366,High Level,CA,2021-04-25 14:10:23,58.5169,-117.136,26.6,80,90,2.3,overcast clouds
367,Smithers,CA,2021-04-25 14:05:24,54.7804,-127.1743,28.4,80,1,0.72,clear sky
368,Yichun,CN,2021-04-25 14:10:23,47.7,128.9,34.9,42,3,2.46,clear sky
369,Nadvoitsy,RU,2021-04-25 14:10:24,63.8667,34.3167,48.96,70,54,11.7,broken clouds
370,Nanortalik,GL,2021-04-25 14:10:24,60.1432,-45.2371,42.06,73,100,14.74,light rain
371,Abu Samrah,SY,2021-04-25 14:10:25,35.3029,37.1841,88.38,22,91,14.03,overcast clouds
372,Opuwo,NA,2021-04-25 14:10:25,-18.0607,13.84,86.47,20,18,6.78,few clouds
373,Barbastro,ES,2021-04-25 14:09:49,42.0356,0.1269,66.2,59,20,12.66,few clouds
374,Siavonga,ZM,2021-04-25 14:10:25,-16.5382,28.7088,84.24,46,10,3.67,clear sky
375,Asyut,EG,2021-04-25 14:10:26,27.181,31.1837,98.6,16,0,11.5,clear sky
376,Eenhana,NA,2021-04-25 14:10:26,-17.4667,16.3333,87.8,22,0,4.61,clear sky
377,Bonthe,SL,2021-04-25 14:10:27,7.5264,-12.505,91.92,51,94,10.89,overcast clouds
378,Santiago Del Estero,AR,2021-04-25 14:10:27,-27.7951,-64.2615,67.84,49,0,4.72,clear sky
379,Krasnoselkup,RU,2021-04-25 14:10:28,65.7,82.4667,21.45,87,30,7.09,scattered clouds
380,Nyurba,RU,2021-04-25 14:10:28,63.2842,118.3319,33.69,97,100,5.3,overcast clouds
381,Nouadhibou,MR,2021-04-25 14:10:28,20.931,-17.0347,80.6,41,0,21.85,clear sky
382,Saint-Augustin,CA,2021-04-25 14:10:29,51.226,-58.6502,42.39,56,16,15.08,few clouds
383,Banff,CA,2021-04-25 14:10:29,51.1762,-115.5698,28.4,93,100,2.3,light snow
384,Bilibino,RU,2021-04-25 14:10:29,68.0546,166.4372,19.02,96,100,1.61,light snow
385,Hwange,ZW,2021-04-25 14:10:30,-18.3693,26.5019,87.35,24,38,4.25,scattered clouds
386,Hervey Bay,AU,2021-04-25 14:10:30,-25.2986,152.8535,64.0,82,0,3.0,clear sky
387,Zaraza,VE,2021-04-25 14:10:30,9.3503,-65.3245,89.19,43,60,8.5,broken clouds
388,Santa Cruz,BO,2021-04-25 14:10:00,-17.8,-63.1667,71.6,83,75,17.27,broken clouds
389,Oyonnax,FR,2021-04-25 14:10:32,46.2592,5.6573,73.0,26,20,9.22,few clouds
390,Mayor Pablo Lagerenza,PY,2021-04-25 14:10:32,-19.9309,-60.7718,68.16,79,100,10.38,moderate rain
391,Pemangkat,ID,2021-04-25 14:07:16,1.1667,108.9667,80.91,77,70,4.41,broken clouds
392,Xining,CN,2021-04-25 14:10:33,36.6167,101.7667,49.73,32,0,3.53,clear sky
393,Okha,RU,2021-04-25 14:10:33,53.5739,142.9478,22.1,86,8,5.19,clear sky
394,Falmouth,GB,2021-04-25 14:10:33,50.1544,-5.0711,60.8,66,20,32.21,few clouds
395,Paka,MY,2021-04-25 14:10:34,4.6374,103.4368,78.8,83,89,2.3,overcast clouds
396,Vanimo,PG,2021-04-25 14:10:34,-2.6741,141.3028,75.29,87,100,3.53,overcast clouds
397,Kahului,US,2021-04-25 14:10:34,20.8947,-156.47,71.6,94,20,14.97,few clouds
398,Sept-Iles,CA,2021-04-25 14:10:35,50.2001,-66.3821,46.99,56,3,3.44,clear sky
399,Hangu,CN,2021-04-25 14:10:35,39.2489,117.7892,55.4,44,0,6.71,clear sky
400,Wawa,NG,2021-04-25 14:10:36,9.9022,4.4192,97.65,36,98,1.43,overcast clouds
401,Rock Springs,US,2021-04-25 14:08:25,41.5875,-109.2029,41.0,52,75,3.44,broken clouds
402,Taltal,CL,2021-04-25 14:10:36,-25.4,-70.4833,66.58,70,1,6.04,clear sky
403,Vostok,RU,2021-04-25 14:10:37,46.4856,135.8833,24.04,52,6,4.03,clear sky
404,Iquitos,PE,2021-04-25 14:10:37,-3.7481,-73.2472,80.6,83,75,5.75,broken clouds
405,Kaitangata,NZ,2021-04-25 14:10:38,-46.2817,169.8464,39.99,77,26,5.01,scattered clouds
406,Oksfjord,NO,2021-04-25 14:10:38,70.2396,22.3479,37.4,69,75,12.66,light rain
407,Sibolga,ID,2021-04-25 14:10:38,1.7427,98.7792,78.35,82,99,2.44,moderate rain
408,Soyo,AO,2021-04-25 14:10:39,-6.1349,12.3689,87.8,70,20,8.05,few clouds
409,Porto Belo,BR,2021-04-25 14:10:40,-27.1578,-48.5531,75.99,69,0,12.66,clear sky
410,Burns Lake,CA,2021-04-25 14:10:40,54.2331,-125.7533,17.6,93,8,2.3,clear sky
411,La Ronge,CA,2021-04-25 14:10:40,55.1001,-105.2842,26.6,80,100,4.61,overcast clouds
412,Port Keats,AU,2021-04-25 14:10:41,-14.25,129.55,75.38,44,100,2.84,overcast clouds
413,Charleston,US,2021-04-25 14:10:05,32.7766,-79.9309,66.99,82,90,11.5,haze
414,Angoche,MZ,2021-04-25 14:10:41,-16.2325,39.9086,79.09,84,100,5.03,light rain
415,Hamilton,US,2021-04-25 14:10:42,39.1834,-84.5333,50.0,93,90,5.75,mist
416,Manta,EC,2021-04-25 14:10:42,-0.95,-80.7333,77.0,83,75,8.05,broken clouds
417,Lasa,IT,2021-04-25 14:10:42,46.6166,10.7002,77.0,33,20,6.91,few clouds
418,Timra,SE,2021-04-25 14:10:43,62.487,17.3257,44.6,33,0,17.27,clear sky
419,Banjar,ID,2021-04-25 14:10:43,-8.19,114.9675,84.2,84,20,12.66,few clouds
420,Wollongong,AU,2021-04-25 14:09:56,-34.4333,150.8833,55.99,82,61,1.01,broken clouds
421,Carballo,ES,2021-04-25 14:10:44,43.213,-8.691,63.0,86,100,3.0,overcast clouds
422,Isiro,CD,2021-04-25 14:10:44,2.7739,27.616,68.9,98,100,2.53,moderate rain
423,Svetlogorsk,BY,2021-04-25 14:10:44,52.6333,29.7333,43.72,47,99,12.06,overcast clouds
424,Zwedru,LR,2021-04-25 14:10:45,6.0667,-8.1281,93.15,45,99,3.42,overcast clouds
425,Matay,EG,2021-04-25 14:10:45,28.419,30.7792,102.99,6,0,16.22,clear sky
426,Jiangyou,CN,2021-04-25 14:10:45,31.7667,104.7167,59.83,80,100,3.62,moderate rain
427,Auki,SB,2021-04-25 14:10:46,-8.7676,160.7034,77.74,86,86,2.21,overcast clouds
428,Lewisporte,CA,2021-04-25 14:10:46,49.2499,-55.0482,48.2,43,20,19.57,few clouds
429,Hokitika,NZ,2021-04-25 14:10:47,-42.7167,170.9667,47.17,74,98,3.49,overcast clouds
430,Svetlaya,RU,2021-04-25 14:10:47,46.5389,138.3297,31.62,72,69,4.81,broken clouds
431,Ugoofaaru,MV,2021-04-25 14:10:48,5.6667,73.0,84.92,69,15,6.24,few clouds
432,Komsomolskiy,UZ,2021-04-25 14:10:48,40.4272,71.7189,78.8,21,57,6.91,broken clouds
433,Akureyri,IS,2021-04-25 14:10:49,65.6835,-18.0878,42.8,93,90,8.05,light rain
434,Zandvoort,NL,2021-04-25 14:10:49,52.3749,4.5341,50.0,57,75,10.36,broken clouds
435,Nizwa,OM,2021-04-25 14:06:16,22.9333,57.5333,95.25,11,74,2.91,broken clouds
436,Uvat,RU,2021-04-25 14:10:50,59.1433,68.8953,51.13,38,100,8.55,overcast clouds
437,Menongue,AO,2021-04-25 14:10:50,-14.6585,17.691,83.16,24,87,4.83,overcast clouds
438,Sangar,RU,2021-04-25 14:10:50,63.9242,127.4739,27.9,97,100,6.76,light snow
439,Petrestii De Jos,RO,2021-04-25 14:10:51,46.5833,23.65,62.6,33,75,6.91,broken clouds
440,Severo-Kurilsk,RU,2021-04-25 14:10:52,50.6789,156.125,31.73,96,100,8.41,light snow
441,Calera,US,2021-04-25 14:10:52,33.1029,-86.7536,60.8,63,40,10.36,scattered clouds
442,Sosnovo-Ozerskoye,RU,2021-04-25 14:10:52,52.5249,111.5418,40.32,83,100,8.39,overcast clouds
443,Bilma,NE,2021-04-25 14:10:31,18.6853,12.9164,106.59,6,4,8.03,clear sky
444,Oktyabrskiy,RU,2021-04-25 14:10:53,54.4815,53.471,46.35,55,43,17.92,scattered clouds
445,Todos Santos,MX,2021-04-25 14:10:53,23.45,-110.2167,59.0,33,40,5.75,scattered clouds
446,Nisia Floresta,BR,2021-04-25 14:10:54,-6.0911,-35.2086,86.0,62,75,11.5,broken clouds
447,Arecibo,PR,2021-04-25 14:10:54,18.4724,-66.7157,84.99,64,84,3.0,broken clouds
448,Izhma,RU,2021-04-25 14:10:54,65.0083,53.9113,47.16,67,100,9.33,overcast clouds
449,Te Anau,NZ,2021-04-25 14:10:55,-45.4167,167.7167,38.77,96,72,4.94,broken clouds
450,Buraydah,SA,2021-04-25 14:10:55,26.326,43.975,98.6,13,75,10.36,broken clouds
451,Karlskoga,SE,2021-04-25 14:10:55,59.3267,14.5239,44.6,31,75,13.8,broken clouds
452,Kabanjahe,ID,2021-04-25 14:07:15,3.1001,98.4908,82.4,94,40,3.44,scattered clouds
453,Chibuto,MZ,2021-04-25 14:10:56,-24.6867,33.5306,77.97,59,0,10.0,clear sky
454,Nacala,MZ,2021-04-25 14:10:56,-14.5428,40.6728,76.89,89,100,5.55,light rain
455,Nizhniy Ingash,RU,2021-04-25 14:10:57,56.2,96.53,33.35,87,99,6.8,overcast clouds
456,Leh,IN,2021-04-25 14:10:57,34.1667,77.5833,38.19,25,2,5.19,clear sky
457,Avera,US,2021-04-25 14:10:46,33.194,-82.5271,64.4,82,40,11.5,scattered clouds
458,Meybod,IR,2021-04-25 14:10:58,32.2501,54.0166,91.4,13,40,6.91,scattered clouds
459,Maxixe,MZ,2021-04-25 14:10:58,-23.8597,35.3472,81.09,63,0,11.25,clear sky
460,Caravelas,BR,2021-04-25 14:10:58,-17.7125,-39.2481,85.41,57,7,7.47,clear sky
461,Pontes E Lacerda,BR,2021-04-25 14:10:59,-15.2261,-59.3353,71.13,97,100,2.17,overcast clouds
462,Pangkalanbuun,ID,2021-04-25 14:10:59,-2.6833,111.6167,76.51,88,76,2.26,broken clouds
463,Guarda,PT,2021-04-25 14:11:00,40.5373,-7.2658,61.0,81,98,1.01,overcast clouds
464,Port-Gentil,GA,2021-04-25 14:11:00,-0.7193,8.7815,89.6,66,40,10.36,scattered clouds
465,Kichera,RU,2021-04-25 14:11:00,55.9375,110.0997,36.27,86,100,2.35,overcast clouds
466,Puerto Baquerizo Moreno,EC,2021-04-25 14:11:01,-0.9,-89.6,75.63,86,62,9.64,broken clouds
467,Suna,RU,2021-04-25 14:11:01,57.8338,50.0588,40.24,81,95,15.84,overcast clouds
468,Namtsy,RU,2021-04-25 14:11:02,62.7161,129.6658,35.6,75,20,2.24,few clouds
469,Murray Bridge,AU,2021-04-25 14:11:02,-35.1167,139.2667,54.0,98,0,2.44,clear sky
470,Labuhan,ID,2021-04-25 14:11:03,-6.8844,112.2051,79.83,80,42,9.44,scattered clouds
471,Ottawa,CA,2021-04-25 14:09:41,45.4112,-75.6981,55.0,50,75,4.61,broken clouds
472,Gambiran,ID,2021-04-25 14:11:03,-6.7988,111.4951,76.17,86,23,5.48,few clouds
473,Dunnville,CA,2021-04-25 14:11:03,42.9001,-79.6163,52.0,93,84,13.8,broken clouds
474,Makakilo City,US,2021-04-25 14:10:55,21.3469,-158.0858,71.6,78,1,5.75,clear sky
475,Teya,RU,2021-04-25 14:11:04,60.3778,92.6267,35.28,98,100,4.09,overcast clouds
476,Sayyan,YE,2021-04-25 14:11:05,15.1718,44.3244,70.21,33,92,4.68,overcast clouds
477,Rio Gallegos,AR,2021-04-25 14:11:05,-51.6226,-69.2181,51.8,50,0,13.8,clear sky
478,Kuala Terengganu,MY,2021-04-25 14:11:05,5.3302,103.1408,80.6,89,40,4.61,scattered clouds
479,Cabedelo,BR,2021-04-25 14:11:06,-6.9811,-34.8339,84.2,74,40,9.22,scattered clouds
480,Sao Joao Da Barra,BR,2021-04-25 14:11:06,-21.6403,-41.0511,82.4,61,20,2.3,few clouds
481,Cap-Aux-Meules,CA,2021-04-25 14:09:02,47.3821,-61.8597,51.8,50,9,9.22,clear sky
482,Imeni Poliny Osipenko,RU,2021-04-25 14:11:07,52.4201,136.4853,29.75,46,12,4.45,few clouds
483,Tezu,IN,2021-04-25 14:11:07,27.9167,96.1667,79.41,22,5,5.12,clear sky
484,Kuusamo,FI,2021-04-25 14:11:07,65.9667,29.1833,33.8,93,90,11.5,light rain and snow
485,Bafoulabe,ML,2021-04-25 14:11:08,13.8065,-10.8321,106.61,9,3,5.5,clear sky
486,Turkmenabat,TM,2021-04-25 14:11:08,39.0733,63.5786,89.6,14,0,11.5,clear sky
487,Yerbogachen,RU,2021-04-25 14:11:09,61.2767,108.0108,32.88,99,100,5.53,snow
488,Arki,IN,2021-04-25 14:11:09,31.15,76.9667,69.08,26,0,3.69,clear sky
489,Grahamstown,ZA,2021-04-25 14:11:09,-33.3042,26.5328,83.66,20,66,7.67,broken clouds
490,Flin Flon,CA,2021-04-25 14:11:10,54.7682,-101.865,28.4,74,40,3.44,scattered clouds
491,Liwale,TZ,2021-04-25 14:11:10,-9.7667,37.9333,73.38,94,91,5.53,light rain
492,Ambunti,PG,2021-04-25 14:11:11,-4.2365,142.8448,72.46,99,100,1.21,overcast clouds
493,Marawi,PH,2021-04-25 14:11:11,7.9986,124.2928,79.0,86,60,1.01,broken clouds
494,Chivilcoy,AR,2021-04-25 14:11:11,-34.8957,-60.0167,60.01,66,0,8.01,clear sky
495,Pochutla,MX,2021-04-25 14:11:12,15.7432,-96.4661,82.0,74,40,0.98,scattered clouds
496,Tallahassee,US,2021-04-25 14:08:29,30.4383,-84.2807,66.2,63,20,14.97,few clouds
497,Price,US,2021-04-25 14:11:12,39.5994,-110.8107,48.2,34,1,1.77,clear sky
498,Chatakonda,IN,2021-04-25 14:11:13,17.55,80.65,95.97,25,15,9.42,few clouds
499,Santa Isabel Do Rio Negro,BR,2021-04-25 14:11:13,-0.4139,-65.0192,86.72,61,81,5.66,broken clouds
500,Kosino,RU,2021-04-25 14:11:14,58.4127,51.2782,41.54,79,65,14.74,moderate rain
501,Ust-Maya,RU,2021-04-25 14:11:14,60.4167,134.5333,22.78,98,94,2.59,overcast clouds
502,Orizona,BR,2021-04-25 14:11:14,-17.0314,-48.2958,81.34,51,29,1.34,scattered clouds
503,Champerico,GT,2021-04-25 14:11:15,14.3,-91.9167,78.8,78,20,2.84,few clouds
504,Biharamulo,TZ,2021-04-25 14:11:15,-2.6319,31.3089,66.63,90,100,1.97,light rain
505,Samarai,PG,2021-04-25 14:11:16,-10.6167,150.6667,83.05,76,81,11.43,broken clouds
506,Milkovo,RU,2021-04-25 14:11:16,54.7167,158.6167,32.83,89,98,2.42,overcast clouds
507,Nahrin,AF,2021-04-25 14:11:17,36.0649,69.1334,67.73,39,14,3.96,few clouds
508,San-Pedro,CI,2021-04-25 14:11:17,4.7485,-6.6363,82.45,72,100,7.34,overcast clouds
509,Kathmandu,NP,2021-04-25 14:07:22,27.7167,85.3167,75.2,35,20,8.05,few clouds
510,Berbera,SO,2021-04-25 14:11:17,10.4396,45.0143,89.55,59,8,15.28,clear sky
511,Okhotsk,RU,2021-04-25 14:10:54,59.3833,143.3,18.86,76,5,4.47,clear sky
512,Tromso,NO,2021-04-25 14:11:18,69.6496,18.957,37.99,56,75,4.61,broken clouds
513,Polson,US,2021-04-25 14:11:18,47.6936,-114.1632,42.01,28,100,1.99,overcast clouds
514,Kilindoni,TZ,2021-04-25 14:11:19,-7.9139,39.6668,80.28,79,100,13.11,overcast clouds
515,Ejura,GH,2021-04-25 14:11:19,7.3856,-1.3562,94.73,38,86,2.1,overcast clouds
516,Katunino,RU,2021-04-25 14:11:20,64.3862,40.6298,48.2,93,75,2.24,broken clouds
517,Karabuk,TR,2021-04-25 14:11:20,41.2049,32.6277,55.4,88,75,3.58,broken clouds
518,Henties Bay,NA,2021-04-25 14:11:20,-22.116,14.2845,66.0,83,1,8.99,clear sky
519,Kuruman,ZA,2021-04-25 14:11:21,-27.4524,23.4325,80.01,24,8,6.26,clear sky
520,Zeya,RU,2021-04-25 14:11:21,53.75,127.2667,38.37,73,100,3.58,overcast clouds
521,Daru,PG,2021-04-25 14:11:21,-9.0763,143.2092,78.51,87,100,3.27,overcast clouds
522,Houston,US,2021-04-25 14:09:08,29.7633,-95.3633,69.01,72,1,13.8,clear sky
523,Khor,RU,2021-04-25 14:11:22,47.8861,134.9464,33.78,40,0,5.68,clear sky
524,Dovolnoye,RU,2021-04-25 14:11:22,54.4958,79.6671,47.21,43,100,6.15,overcast clouds
525,Slobodskoy,RU,2021-04-25 14:11:23,58.7322,50.1772,41.41,79,100,11.92,heavy intensity rain
526,Srivardhan,IN,2021-04-25 14:11:23,18.0333,73.0167,83.1,79,16,5.75,few clouds
527,Kirensk,RU,2021-04-25 14:11:24,57.7853,108.1119,32.41,93,96,6.89,overcast clouds
528,Ishigaki,JP,2021-04-25 14:11:24,24.3448,124.1572,73.04,68,86,18.28,overcast clouds
529,Juneau,US,2021-04-25 14:11:25,58.3019,-134.4197,39.0,80,1,3.44,clear sky
530,Dubti,ET,2021-04-25 14:11:25,11.7361,41.0853,102.49,18,26,13.11,scattered clouds
531,Aksarka,RU,2021-04-25 14:11:25,66.5606,67.7975,34.12,94,100,9.95,overcast clouds
532,Ixtapa,MX,2021-04-25 14:11:26,20.7,-105.2,75.0,83,1,1.63,clear sky
533,Labrea,BR,2021-04-25 14:11:26,-7.2586,-64.7981,86.36,66,54,1.83,broken clouds
534,Cukai,MY,2021-04-25 14:11:26,4.25,103.4167,78.8,83,88,2.3,overcast clouds
535,Boulsa,BF,2021-04-25 14:11:27,12.6675,-0.5758,103.82,15,58,4.16,broken clouds
536,Karwar,IN,2021-04-25 14:11:27,14.8,74.1333,82.98,71,14,8.14,few clouds
537,Kisangani,CD,2021-04-25 14:11:27,0.5167,25.2,80.6,78,75,2.1,light rain
538,Turukhansk,RU,2021-04-25 14:11:28,65.8167,87.9833,18.12,84,9,10.54,clear sky
539,Garowe,SO,2021-04-25 14:11:28,8.4054,48.4845,89.74,39,64,11.63,broken clouds
540,Tongchuan,CN,2021-04-25 14:11:29,35.0806,109.0897,50.23,97,100,2.55,overcast clouds
541,Altay,CN,2021-04-25 14:11:29,47.8667,88.1167,33.35,40,0,8.37,clear sky
542,San Vicente,AR,2021-04-25 14:11:29,-26.6167,-54.1333,62.78,95,87,3.33,overcast clouds
543,Konstantinovka,RU,2021-04-25 14:11:30,49.6167,127.9833,43.25,41,14,6.89,few clouds
544,Rognan,NO,2021-04-25 14:11:30,67.0953,15.3878,42.8,45,20,10.36,few clouds
545,Aasiaat,GL,2021-04-25 14:11:30,68.7098,-52.8699,35.22,82,70,6.24,broken clouds
546,Iqaluit,CA,2021-04-25 14:11:31,63.7506,-68.5145,33.8,86,90,5.75,overcast clouds
547,Laje,BR,2021-04-25 14:11:32,-10.1833,-40.9667,83.1,56,41,8.97,scattered clouds
548,Belaya Gora,RU,2021-04-25 14:11:32,68.5333,146.4167,16.61,85,100,11.05,overcast clouds
549,Aitape,PG,2021-04-25 14:11:33,-3.1374,142.3475,77.07,86,100,5.12,light rain
550,Shu,KZ,2021-04-25 14:11:33,43.5983,73.7614,64.15,42,99,3.51,overcast clouds
551,Tobermory,CA,2021-04-25 14:11:33,45.2501,-81.6665,35.6,87,78,23.02,broken clouds
552,Khandagayty,RU,2021-04-25 14:11:34,50.7333,92.05,31.95,45,4,10.78,clear sky
553,Galle,LK,2021-04-25 14:11:34,6.0367,80.217,82.06,77,25,5.88,scattered clouds
554,Kannad,IN,2021-04-25 14:11:34,20.2667,75.1333,92.62,16,94,7.76,overcast clouds
555,Saint-Ambroise,CA,2021-04-25 14:11:35,48.5501,-71.3324,52.0,57,16,10.36,few clouds
556,Nanzhang,CN,2021-04-25 14:11:35,31.7765,111.8386,55.65,90,100,5.61,light rain
557,Cabo San Lucas,MX,2021-04-25 14:08:22,22.8909,-109.9124,59.0,33,40,5.75,scattered clouds
558,Rolla,US,2021-04-25 14:11:36,37.9514,-91.7713,55.99,71,1,12.66,clear sky
559,Zambezi,ZM,2021-04-25 14:11:36,-13.5432,23.1047,81.3,42,83,4.61,broken clouds
560,Shitanjing,CN,2021-04-25 14:11:37,39.2342,106.3439,51.73,50,69,3.02,broken clouds
561,Raga,SS,2021-04-25 14:11:37,8.4596,25.678,88.16,45,92,6.42,light rain
562,Harbour Breton,CA,2021-04-25 14:11:37,47.4833,-55.7983,40.08,76,1,12.17,clear sky
563,Port Hardy,CA,2021-04-25 14:11:38,50.6996,-127.4199,46.4,100,90,3.44,light rain
564,Synevyr,UA,2021-04-25 14:11:38,48.4875,23.6258,42.62,95,100,3.15,light rain
565,Ariquemes,BR,2021-04-25 14:11:38,-9.9133,-63.0408,84.61,68,57,1.5,broken clouds
566,Kaina,NG,2021-04-25 14:11:39,12.6374,8.5873,100.4,23,0,3.44,clear sky
567,Deputatskiy,RU,2021-04-25 14:11:40,69.3,139.9,16.99,91,100,6.78,overcast clouds
568,Point Pedro,LK,2021-04-25 14:11:40,9.8167,80.2333,83.71,71,100,8.43,overcast clouds
569,Barcelos,PT,2021-04-25 14:11:01,41.5388,-8.6151,64.99,72,40,10.36,scattered clouds
570,Ahipara,NZ,2021-04-25 14:11:41,-35.1667,173.1667,57.6,74,64,6.31,light rain
571,Ati,TD,2021-04-25 14:11:41,13.2154,18.3353,107.17,8,57,6.02,broken clouds
572,Batagay-Alyta,RU,2021-04-25 14:11:42,67.8006,130.4114,20.89,88,99,4.27,overcast clouds
573,Vardo,NO,2021-04-25 14:06:45,70.3705,31.1107,33.8,60,20,19.57,few clouds
574,Midland,US,2021-04-25 14:11:42,31.9974,-102.0779,64.0,51,1,17.27,clear sky
575,Hami,CN,2021-04-25 14:11:44,42.8,93.45,48.47,15,100,8.43,overcast clouds
576,Melfi,IT,2021-04-25 14:11:44,40.9965,15.6514,73.4,28,0,3.44,clear sky
577,Rocha,UY,2021-04-25 14:11:44,-34.4833,-54.3333,66.51,53,18,12.8,few clouds
578,Kibre Mengist,ET,2021-04-25 14:11:45,5.8833,38.9833,67.28,86,100,2.68,light rain
579,Axim,GH,2021-04-25 14:11:45,4.8699,-2.2405,84.47,70,97,8.75,overcast clouds
580,Dromolaxia,CY,2021-04-25 14:11:45,34.8761,33.586,86.0,53,0,16.11,clear sky
581,Gisborne,NZ,2021-04-25 14:11:46,-38.6533,178.0042,50.0,80,0,4.0,clear sky
582,Ust-Nera,RU,2021-04-25 14:11:46,64.5667,143.2,1.04,98,62,2.93,broken clouds
583,La Roda,ES,2021-04-25 14:11:47,39.2167,-2.15,59.0,72,75,10.36,broken clouds
584,Chumikan,RU,2021-04-25 14:11:47,54.7183,135.315,31.59,79,77,12.57,broken clouds
585,Presidente Prudente,BR,2021-04-25 14:11:48,-22.1256,-51.3889,77.0,44,0,5.75,clear sky
586,Indiaroba,BR,2021-04-25 14:11:49,-11.5192,-37.5117,86.11,60,30,7.25,scattered clouds
587,Ourem,PT,2021-04-25 14:11:49,39.6417,-8.5919,69.01,88,40,6.91,moderate rain
588,Saint-Louis,SN,2021-04-25 14:11:49,16.3333,-15.0,97.63,13,96,10.27,overcast clouds
589,Behbahan,IR,2021-04-25 14:11:50,30.5959,50.2417,100.4,18,0,11.5,clear sky
590,Melhus,NO,2021-04-25 14:11:50,63.2855,10.2781,43.0,65,75,13.8,light rain
591,Iberia,US,2021-04-25 14:11:50,29.9502,-91.7507,64.4,68,1,12.66,clear sky
592,Zaranj,AF,2021-04-25 14:11:51,30.9667,61.8833,98.6,11,0,13.8,clear sky
593,Antalya,TR,2021-04-25 14:11:52,36.7741,30.7178,75.2,41,75,6.91,light rain
594,Chuguyevka,RU,2021-04-25 14:11:52,44.1653,133.8633,31.05,46,0,2.21,clear sky
595,Robertsport,LR,2021-04-25 14:11:52,6.7533,-11.3686,83.43,74,100,7.02,overcast clouds
596,Kihei,US,2021-04-25 14:11:53,20.785,-156.4656,71.6,94,20,14.97,few clouds
597,Montivilliers,FR,2021-04-25 14:11:53,49.5452,0.1877,57.2,58,0,23.02,clear sky
598,Mantua,IT,2021-04-25 14:11:53,45.1667,10.7833,75.0,35,0,6.91,clear sky
599,Mingguang,CN,2021-04-25 14:11:54,32.7802,117.9638,61.5,94,100,5.82,light rain
600,Dire,ML,2021-04-25 14:11:54,12.2833,-10.9667,105.94,10,4,5.32,clear sky
601,Athens,GR,2021-04-25 14:09:22,37.9795,23.7162,64.4,52,40,10.36,scattered clouds
602,Gonbad-E Qabus,IR,2021-04-25 14:11:55,37.25,55.1672,80.6,47,40,4.61,scattered clouds
603,Santa Helena De Goias,BR,2021-04-25 14:11:55,-17.8136,-50.5969,82.62,31,100,1.88,overcast clouds
604,Pilar,BR,2021-04-25 14:11:55,-9.5972,-35.9567,86.0,58,75,6.91,broken clouds
605,Zhangzhou,CN,2021-04-25 14:11:56,24.5133,117.6556,71.6,73,90,11.18,overcast clouds
606,Bandarbeyla,SO,2021-04-25 14:11:56,9.4942,50.8122,84.42,73,33,12.75,scattered clouds
607,Xambioa,BR,2021-04-25 14:11:56,-6.4111,-48.5364,81.64,85,96,0.96,light rain
608,Kvarkeno,RU,2021-04-25 14:11:57,52.0833,59.725,52.34,53,70,13.65,broken clouds
609,Moron,AR,2021-04-25 14:10:25,-34.6534,-58.6198,66.0,66,0,4.0,clear sky
610,Havre-Saint-Pierre,CA,2021-04-25 14:11:57,50.2334,-63.5986,46.4,57,1,8.05,clear sky
611,Jacmel,HT,2021-04-25 14:11:58,18.2342,-72.5347,86.0,54,40,16.11,scattered clouds
612,Cocal,BR,2021-04-25 14:11:58,-28.6167,-49.35,70.0,74,100,3.38,overcast clouds
613,Katsuura,JP,2021-04-25 14:11:10,35.1333,140.3,59.0,32,100,1.99,overcast clouds
614,Kharsia,IN,2021-04-25 14:11:59,21.9667,83.1167,91.58,12,29,2.08,scattered clouds
615,Sao Felix Do Xingu,BR,2021-04-25 14:11:59,-6.6447,-51.995,85.21,68,79,1.86,broken clouds
616,Katobu,ID,2021-04-25 14:11:59,-4.9408,122.5276,75.56,89,64,4.5,broken clouds
617,Awbari,LY,2021-04-25 14:12:00,26.5921,12.7805,91.36,15,0,9.44,clear sky
618,Sal Rei,CV,2021-04-25 14:12:00,16.1833,-22.9167,77.0,57,40,21.85,scattered clouds
619,Ouegoa,NC,2021-04-25 14:12:00,-20.35,164.4333,75.04,88,100,7.74,overcast clouds
620,Evensk,RU,2021-04-25 14:11:16,61.95,159.2333,23.74,95,100,8.68,light snow
621,Damavand,IR,2021-04-25 14:12:01,35.7178,52.065,84.2,12,40,6.91,scattered clouds
622,Tautira,PF,2021-04-25 14:12:01,-17.7333,-149.15,75.2,83,75,3.44,light rain
623,Tabuk,PH,2021-04-25 14:12:02,17.4189,121.4443,72.14,84,21,6.98,few clouds
624,Copiapo,CL,2021-04-25 14:12:02,-27.3667,-70.3333,60.8,72,90,2.3,overcast clouds
625,Harper,LR,2021-04-25 14:10:38,4.375,-7.7169,85.51,66,100,6.55,overcast clouds
626,Lichinga,MZ,2021-04-25 14:12:03,-13.3128,35.2406,75.2,64,40,11.5,scattered clouds
627,Ukiah,US,2021-04-25 14:09:48,39.1502,-123.2078,48.2,76,90,6.91,overcast clouds
628,Bima,ID,2021-04-25 14:12:04,-8.4667,118.7167,74.97,92,68,3.8,broken clouds
629,Nishihara,JP,2021-04-25 14:12:04,26.1842,127.7558,69.8,82,20,6.91,few clouds
630,Kasungu,MW,2021-04-25 14:12:05,-13.0333,33.4833,76.33,62,46,5.97,scattered clouds
631,Paidha,UG,2021-04-25 14:12:05,2.4167,30.9855,69.75,80,100,2.42,light rain
632,Dori,BF,2021-04-25 14:12:06,14.0354,-0.0345,104.47,12,100,2.8,overcast clouds
633,Bagdarin,RU,2021-04-25 14:12:06,54.4333,113.6,39.43,95,100,3.38,light rain
634,Boulder City,US,2021-04-25 14:12:06,35.9786,-114.8325,66.2,26,1,17.27,clear sky
635,Margate,GB,2021-04-25 14:11:10,51.3813,1.3862,51.01,53,12,4.0,few clouds
636,Banda Aceh,ID,2021-04-25 14:11:45,5.5577,95.3222,82.29,76,86,9.48,overcast clouds
637,Jatai,BR,2021-04-25 14:12:07,-17.8814,-51.7144,81.77,30,100,1.39,overcast clouds
638,Anadyr,RU,2021-04-25 14:12:07,64.75,177.4833,23.0,100,40,2.24,fog
639,Kattivakkam,IN,2021-04-25 14:12:08,13.2167,80.3167,84.2,74,38,8.05,scattered clouds
640,Qandala,SO,2021-04-25 14:12:08,11.472,49.8728,85.8,63,35,2.64,light rain
641,Dingzhou,CN,2021-04-25 14:12:08,38.5131,114.9956,53.6,87,32,2.24,mist
642,Sotouboua,TG,2021-04-25 14:12:09,8.5667,0.9833,95.04,35,81,7.9,broken clouds
643,Ballina,AU,2021-04-25 14:12:09,-28.8667,153.5667,57.99,94,40,5.77,scattered clouds
644,Abnub,EG,2021-04-25 14:12:10,27.2696,31.1511,98.6,16,0,11.5,clear sky
645,Shupiyan,IN,2021-04-25 14:12:10,33.7167,74.8333,52.56,56,32,4.74,scattered clouds
646,Simbahan,PH,2021-04-25 14:12:10,6.3032,120.5836,83.5,72,1,2.55,clear sky
647,Tual,ID,2021-04-25 14:12:11,-5.6667,132.75,84.36,63,100,9.6,overcast clouds
648,Sagua La Grande,CU,2021-04-25 14:12:11,22.8067,-80.0756,82.4,36,15,4.61,few clouds
649,Pontedera,IT,2021-04-25 14:12:11,43.6616,10.6317,72.0,34,73,8.01,broken clouds
650,Usinsk,RU,2021-04-25 14:12:12,65.9939,57.5281,43.83,74,100,11.45,overcast clouds
651,Plettenberg Bay,ZA,2021-04-25 14:12:12,-34.0527,23.3716,74.34,57,100,2.98,overcast clouds
652,Kailua,US,2021-04-25 14:10:04,21.4022,-157.7394,73.4,73,40,11.5,scattered clouds
653,Suslovo,RU,2021-04-25 14:12:13,56.2167,88.1167,38.14,89,100,5.59,overcast clouds
